psalm,responsum
OL1,"Do domu Hospodinova s radostí půjdeme."
OL2,"Zaradoval jsem se, když mi řekli: „Do domu Hospodinova půjdeme!“"
OL3,"Bože, obnov nás, rozjasni svou tvář, a budeme spaseni."
OL4,"K tobě pozvedám svou duši, Hospodine."
OL5,"Pane, Bože můj, k tobě pozvedám svou duši."
OL6,"Do domu Hospodinova s radostí půjdeme."
OL7,"V jeho dnech rozkvete spravedlnost a hojnost pokoje na věky."
OL8,"Smím přebývat v Hospodinově domě, na dlouhé, předlouhé časy."
OL9,"Děkujte Hospodinu, neboť je dobrý, jeho milosrdenství trvá na věky."
OL10,"Hospodin je mé světlo a má spása."
OL11,"Pán je mé světlo a má spása."
OL12,"Chvalte Hospodina, který uzdravuje ty, jimž puká srdce."
OL13,"Pane, ukaž nám své milosrdenství!"
OL14,"Pane, ukaž nám své milosrdenství a uděl nám svou spásu."
OL15,"Ukaž nám, Hospodine, své milosrdenství a dej nám svou spásu!"
OL16,"Velkou věc s námi učinil Hospodin, naplnila nás radost."
OL17,"Vypravujte mezi všemi národy o Hospodinových divech."
OL18,"Veleb, duše má, Hospodina."
OL19,"Budu tě oslavovat na věky, můj Bože, králi."
OL20,"Blaze tomu, kdo svou naději vložil do Hospodina."
OL21,"Pane, přijď, a zachraň nás!"
OL22,"Duch můj plesá v Bohu mém!"
OL23,"Plesejte a jásejte, neboť nad vámi vládne Svatý Izraele."
OL24,"Ukaž mi své cesty, Hospodine."
OL25,"Hle, ubožák zavolal, a Hospodin slyšel."
OL26,"Chci tě oslavovat, Hospodine, neboť jsi mě vysvobodil."
OL27,"Ať tě, Bože, velebí národy, ať tě velebí, kdekterý národ!"
OL28,"Ať vejde Hospodin, on je král slávy!"
OL29,"Na věky chci zpívat o Hospodinových milostech."
OL30,"V jeho dnech rozkvete spravedlnost a hojnost pokoje na věky."
OL31,"V jeho dnech rozkvete spravedlnost a hojnost pokoje na věky."
OL32,"Ústa má budou vyprávět o tvé spravedlnosti."
OL33,"Radujte se, spravedliví, v Hospodinu."
OL34,"Mé srdce jásá v Bohu, mém spasiteli."
OL35,"Na věky budu zpívat o tvém milosrdenství, Hospodine."
OL36,"Na věky chci zpívat o Hospodinových milostech."
OL37,"Dnes se nám narodil Spasitel, Kristus Pán."
OL38,"Světlo dnes zazáří nad námi, neboť se nám narodil Pán."
OL39,"Všechny končiny země viděly spásu od našeho Boha."
OL40,"Uzřely všechny končiny země spásu našeho Boha."
OL41,"Blaze každému, kdo se bojí Hospodina, kdo kráčí po jeho cestách."
OL42,"Blaze každému, kdo se bojí Hospodina."
OL43,"Hospodin sám je náš Bůh, pamatuje věčně na svoji smlouvu."
OL44,"Hospodin pamatuje věčně na svoji smlouvu."
OL45,"Blaze těm, kdo přebývají v tvém domě, Bože."
OL46,"Šťastní jsou, Pane, kdo přebývají ve tvém svatém chrámě."
OL47,"Vypravujte mezi všemi národy o Hospodinových divech."
OL48,"Vypravujte mezi všemi národy o Hospodinových divech."
OL49,"Vypravujte mezi všemi národy o Hospodinových divech."
OL50,"Hospodine, Pane náš, jak podivuhodné je tvé jméno po celé zemi!"
OL51,"Bože, buď milostiv a žehnej nám!"
OL52,"Slovo se stalo tělem a přebývalo mezi námi."
OL53,"Uzřely všechny končiny země spásu našeho Boha."
OL54,"Uzřely všechny končiny země spásu našeho Boha."
OL55,"Uzřely všechny končiny země spásu našeho Boha."
OL56,"Pojďte se poklonit Pánu!"
OL57,"Jeruzaléme, oslavuj Hospodina!"
OL58,"Hospodin miluje svůj národ."
OL59,"Budou se ti, Hospodine, klanět všechny národy."
OL60,"Dám ti v majetek národy."
OL61,"Budou se ti, Hospodine, klanět všechny národy."
OL62,"Budou se ti, Hospodine, klanět všechny národy."
OL63,"Budou se ti, Hospodine, klanět všechny národy."
OL64,"Pán dá požehnání a pokoj svému lidu."
OL65,"Budete vážit vodu s radostí z pramenů spásy."
OL66,"Veleb, duše má, Hospodina."
OL67,"Smiluj se, Pane, neboť jsme zhřešili."
OL68,"Stvoř mi čisté srdce Bože!"
OL69,"Tys, Pane, dobrý a shovívavý."
OL70,"Všechno tvé jednání, Hospodine, je láska a věrnost pro ty, kdo plní tvou smlouvu."
OL71,"Buď se mnou, Pane, v mé tísni."
OL72,"Tvá slova, Pane, jsou duch a jsou život."
OL73,"Pán mě vysvobodil ze všech mých obav."
OL74,"Stvoř mi čisté srdce Bože!"
OL75,"Když jsem volal, Hospodine, vyslyšels mě."
OL76,"U Hospodina je slitování, hojné u něho je vykoupení."
OL77,"Blaze těm, kdo kráčejí v zákoně Hospodinově."
OL78,"Ať spočine na nás, Hospodine, tvé milosrdenství, jak doufáme v tebe."
OL79,"Budu kráčet před Hospodinem v zemi živých."
OL80,"Hospodin je mé světlo a má spása."
OL81,"Nejednej s námi podle našich hříchů, Hospodine!"
OL82,"Kdo žije správně, tomu ukážu Boží spásu."
OL83,"Zachraň mě svou slitovností, Hospodine."
OL84,"Pamatujte na divy, které učinil Hospodin."
OL85,"Hospodin je milosrdný a milostivý."
OL86,"Kéž byste dnes uposlechli jeho hlasu: „Nezatvrzujte svá srdce!“"
OL87,"Zaslechnete -- li dnes jeho hlas, nezatvrzujte svá srdce!"
OL88,"Pane, ty máš slova věčného života."
OL89,"Hospodin je milosrdný a milostivý."
OL90,"Má duše žízní po tobě, Pane, Bože můj!"
OL91,"Rozpomeň se, Hospodine, na své slitování."
OL92,"Jeruzaléme, oslavuj Hospodina!"
OL93,"Plesejte Bohu, který nám pomáhá."
OL94,"Smiluj se, Pane, neboť jsme zhřešili."
OL95,"Hospodin je můj pastýř, nic nepostrádám."
OL96,"Pán je můj pastýř, nic mi neschází."
OL97,"Vyslyš nás, Pane, a vysvoboď nás."
OL98,"Okuste a vizte, jak je Hospodin dobrý."
OL99,"Proudy bystřin jsou k radosti Božímu městu, přesvatému stánku Nejvyššího."
OL100,"Blízký je Hospodin všem, kdo ho vzývají."
OL101,"Pamatuj na nás, Hospodine, pro náklonnost k svému lidu."
OL102,"Hle, ubožák zavolal, a Hospodin slyšel."
OL103,"Hospodine, můj Bože, k tobě se utíkám."
OL104,"Stvoř mi čisté srdce, Bože!"
OL105,"Stvoř mi čisté srdce Bože!"
OL106,"Hospodine, slyš mou modlitbu a volání mé ať k tobě pronikne!"
OL107,"chvályhodný a svrchovaně velebený navěky."
OL108,"Hospodin pamatuje věčně na svoji smlouvu."
OL109,"Miluji tě, Hospodine, má sílo!"
OL110,"Hospodin bude nad námi bdít, jako pastýř nad svým stádem."
OL111,"Bože můj, Bože můj, proč jsi mne opustil?"
OL112,"Hospodin je mé světlo a má spása."
OL113,"Ústa má budou vyprávět o tvé spravedlnosti."
OL114,"Vyslyš mě, Hospodine, ve své veliké lásce!"
OL115,"Na věky chci zpívat o Hospodinových milostech."
OL116,"Kalich požehnání je společenstvím Krve Kristovy."
OL117,"Otče, do tvých rukou poroučím ducha svého."
OL118,"Sešli svého ducha, Pane, a obnov tvářnost země."
OL119,"Země je plná Hospodinovy milosti."
OL120,"Ochraň mě, Bože, neboť se k tobě utíkám."
OL121,"Hospodinu chci zpívat, neboť je velmi vznešený."
OL122,"Jako laň prahne po vodních bystřinách, tak prahne má duše po tobě, Bože!"
OL123,"Stvoř mi čisté srdce, Bože!"
OL124,"Toto je den, který připravil Pán, jásejme a radujme se z něho!"
OL125,"Ochraň mě, Bože, neboť se k tobě utíkám."
OL126,"Země je plná Hospodinovy milosti."
OL127,"Ze srdce ať se radují, kdo hledají Hospodina."
OL128,"Hospodine, Pane náš, jak podivuhodné je tvé jméno po celé zemi!"
OL129,"Kámen, který stavitelé zavrhli, stal se kvádrem nárožním."
OL130,"Děkujte Hospodinu, neboť je dobrý, jeho milosrdenství trvá na věky."
OL131,"Děkujte Hospodinu, neboť je dobrý, jeho milosrdenství trvá na věky."
OL132,"Děkujte Hospodinu, neboť je dobrý, jeho milosrdenství trvá na věky."
OL133,"Děkujte Hospodinu, neboť je dobrý, jeho milosrdenství trvá na věky."
OL134,"Blaze všem, kdo se uchylují k Hospodinu."
OL135,"Hospodin kraluje, oděl se velebností."
OL136,"Hle, ubožák zavolal, a Hospodin slyšel."
OL137,"Hle, ubožák zavolal, a Hospodin slyšel."
OL138,"Ať spočine na nás, Hospodine, tvé milosrdenství, jak doufáme v tebe."
OL139,"Ukaž mi, Pane, cestu k životu."
OL140,"Hospodine, ukaž nám svou jasnou tvář!"
OL141,"Blaze těm, kdo kráčejí v zákoně Hospodinově."
OL142,"Do tvých rukou, Pane, svěřuji ducha svého."
OL143,"Jásejte Bohu, všechny země!"
OL144,"Jásejte Bohu, všechny země!"
OL145,"Jděte do celého světa a hlásejte evangelium."
OL146,"Vezmu kalich spásy a budu vzývat jméno Hospodinovo."
OL147,"Kámen, který stavitelé zavrhli, stal se kvádrem nárožním."
OL148,"Jsme jeho lid a stádce, které on pase."
OL149,"Chvalte Hospodina, všechny národy!"
OL150,"Ať tě, Bože, velebí národy, ať tě velebí, kdekterý národ!"
OL151,"Na věky chci zpívat o Hospodinových milostech."
OL152,"Ty jsi můj syn, já dnes jsem tě zplodil."
OL153,"Budu tě chválit, Hospodine, ve velkém shromáždění."
OL154,"Budu tě oslavovat na věky, můj Bože, králi."
OL155,"Nikoliv nám, Hospodine, ale svému jménu zjednej slávu."
OL156,"Ať tvoji zbožní, Hospodine, vypravují o slávě tvé vznešené říše."
OL157,"Do domu Hospodinova s radostí půjdeme."
OL158,"Vypravujte mezi všemi národy o Hospodinových divech."
OL159,"Budu tě chválit mezi národy, Pane!"
OL160,"Pojďte se poklonit Pánu!"
OL161,"Jásejte Bohu, všechny země!"
OL162,"Jásejte Bohu, všechny země!"
OL163,"Jásejte Bohu, všechny země! Aleluja."
OL164,"Hospodin zjevil svou spásu před zraky pohanů."
OL165,"Jinoši a panny, chvalte Hospodinovo jméno!"
OL166,"Bůh se vznáší za jásotu, Hospodin vystupuje za hlaholu polnice."
OL167,"Bůh se vznáší za jásotu, Hospodin vystupuje za hlaholu polnice."
OL168,"Bůh se vznáší za jásotu, Hospodin vystupuje za hlaholu polnice."
OL169,"Věřím, že uvidím blaho od Hospodina v zemi živých!"
OL170,"Hospodin si zřídil na nebi trůn."
OL171,"Hospodin kraluje, je povznesen nad celou zemí."
OL172,"Bože, ve své dobrotě ses postaral o chudáka."
OL173,"Bože, ve své dobrotě ses postaral o chudáka."
OL174,"Bože, ve své dobrotě ses postaral o chudáka."
OL175,"Zbožní uzří tvou tvář, Hospodine."
OL176,"Blaze lidu, který si Hospodin vyvolil za svůj majetek."
OL177,"Oslavujte Hospodina, neboť na věky trvá jeho milosrdenství."
OL178,"Sešli svého ducha, Hospodine, a obnovíš tvář země."
OL179,"Sešli svého ducha, Pane, a obnov tvářnost země."
OL180,"Sešli svého ducha, Hospodine, a obnovíš tvář země."
OL181,"Sešli svého ducha, Pane, a obnov tvářnost země."
OL182,"Chvalte Hospodina, všechny národy!"
OL183,"Hle, přicházím, Pane, splnit tvou vůli."
OL184,"Ty jsi kněz na věky podle Melchizedechova řádu!"
OL185,"Hospodin je můj pastýř, nic nepostrádám."
OL186,"Blaze lidu, který si Hospodin vyvolil za svůj majetek."
OL187,"Vezmu kalich spásy a budu vzývat jméno Hospodinovo."
OL188,"Ty jsi kněz na věky podle Melchizedechova řádu!"
OL189,"Hospodinova láska od věků pro ty, kdo se ho bojí."
OL190,"Hle, přicházím, Pane, splnit tvou vůli."
OL191,"Vypravujte mezi všemi národy o Hospodinových divech."
OL192,"Blahoslavení chudí v duchu, neboť jejich je království nebeské."
OL193,"Spravedlivý září v temnotách jako světlo."
OL194,"Budu ti hrát, Hospodine, před anděly."
OL195,"Blaze těm, kdo kráčejí v zákoně Hospodinově."
OL196,"Tys mé útočiště, zahrneš mě radostí ze záchrany."
OL197,"Hospodin je milosrdný a milostivý."
OL198,"Pán je milosrdný a milostivý."
OL199,"Uzdrav mě, Pane, zhřešil jsem proti tobě."
OL200,"V Bohu jen odpočívej, duše má."
OL201,"Dobré je chválit Hospodina."
OL202,"Buď mi, Hospodine, ochrannou skálou!"
OL203,"Plesejte Bohu, který nám pomáhá."
OL204,"Kdo žije správně, tomu ukážu Boží spásu."
OL205,"Odpusť, Pane, co jsem zavinil hříchem."
OL206,"Vyslyš mě, Hospodine, ve své veliké lásce!"
OL207,"Oslavujte Hospodina, neboť na věky trvá jeho milosrdenství."
OL208,"Má duše žízní po tobě, Pane, Bože můj!"
OL209,"Má duše po tobě žízní, Hospodine, Bože můj!"
OL210,"Na věky chci zpívat o Hospodinových milostech."
OL211,"Ty jsi, Hospodine, mým dědičným podílem."
OL212,"Budu velebit tvé jméno, můj Bože, králi."
OL213,"Bože, můj králi, na věky chci dobrořečit tvému jménu."
OL214,"Naše oči hledí na Hospodina, dokud se nad námi nesmiluje."
OL215,"Semeno padlo na dobrou půdu a přineslo užitek."
OL216,"Hledejte, ubožáci, Hospodina a pookřejte v srdci."
OL217,"Hospodinovy předpisy jsou správné, působí radost srdci."
OL218,"Tys, Pane, dobrý a shovívavý."
OL219,"Hospodine, kdo smí prodlévat ve tvém stánku?"
OL220,"Jak miluji tvůj zákon, Hospodine."
OL221,"Otvíráš svou ruku a sytíš nás, Hospodine."
OL222,"Když jsem volal, Hospodine, vyslyšels mě."
OL223,"Otvíráš svou ruku a sytíš nás, Hospodine."
OL224,"Nebeský pokrm dal jim Hospodin."
OL225,"Pane, tys nám býval útočištěm od pokolení do pokolení."
OL226,"Okuste a vizte, jak je Hospodin dobrý."
OL227,"Okuste a vizte, jak dobrý je Pán."
OL228,"Blaze lidu, který si Hospodin vyvolil za svůj majetek."
OL229,"Okuste a vizte, jak je Hospodin dobrý."
OL230,"Hospodine, na pomoc mi pospěš!"
OL231,"Hospodine, tvá dobrota trvá na věky, dílo svých rukou neopouštěj!"
OL232,"Okuste a vizte, jak je Hospodin dobrý."
OL233,"Bože, ve své dobrotě ses postaral o chudáka."
OL234,"Duše má, chval Hospodina!"
OL235,"Budu kráčet před Hospodinem v zemi živých."
OL236,"Vstanu a půjdu k svému Otci."
OL237,"Blízký je Hospodin všem, kdo ho vzývají."
OL238,"Pán mě udržuje naživu."
OL239,"Chvalte Hospodina, který povyšuje chudého."
OL240,"Hospodinovy předpisy jsou správné, působí radost srdci."
OL241,"Dům Izraelův je vinicí Páně."
OL242,"Ať nám Hospodin žehná po všechny dny našeho života."
OL243,"Nasyť nás, Pane, svou slitovností, abychom se radovali."
OL244,"Vzdejte Hospodinu moc a slávu!"
OL245,"Pomoc nám přijde od Hospodina, který učinil nebe i zemi."
OL246,"Miluji tě, Hospodine, má sílo!"
OL247,"Miluji tě, Hospodine, má sílo!"
OL248,"Hle, ubožák zavolal, a Hospodin slyšel."
OL249,"Opatruj, Pane, mou duši ve svém pokoji!"
OL250,"Ochraň, Pane, duši mou v pokoji u tebe."
OL251,"Má duše po tobě žízní, Hospodine, Bože můj!"
OL252,"Až procitnu, Hospodine, nasytím se pohledem na tebe."
OL253,"Přišel Hospodin, aby spravoval národy podle práva."
OL254,"Do domu Hospodinova s radostí půjdeme."
OL255,"Blahoslavená jsi, Panno Maria, žes nosila Syna věčného Otce."
OL256,"Vypravujte mezi všemi národy o Hospodinových divech."
OL257,"Hospodin zástupů, on je král slávy!"
OL258,"Ty jsi čest našeho lidu."
OL259,"Jeho potomstvo potrvá na věky."
OL260,"Hle, přicházím, Pane, splnit tvou vůli."
OL261,"Na věky chci zpívat o Hospodinových milostech."
OL262,"Pane, dej zdar práci našich rukou!"
OL263,"Všude na zemi pronikl jejich hlas."
OL264,"Pán ho posadil vedle knížat svého lidu."
OL265,"Vyslyš mě, Bože, ve své veliké lásce!"
OL266,"Hospodin zjevil svou spásu před zraky pohanů."
OL267,"Od klína mé matky byls mým ochráncem."
OL268,"Chválím tě, že jsem vznikl tak podivuhodně."
OL269,"Pán mě vysvobodil ze všech mých obav."
OL270,"Má zalíbení v Hospodinově zákoně."
OL271,"Ustavičně chci velebit Hospodina."
OL272,"Kdo sejí v slzách žnout budou s jásotem."
OL273,"Pán Bůh mu dá trůn jeho otce Davida."
OL274,"Hospodin kraluje, je povznesen nad celou zemí."
OL275,"Blaze muži, který se slitovává a půjčuje."
OL276,"Vstaň, Hospodine, vejdi na místo svého odpočinku, ty i tvá vznešená archa!"
OL277,"Po své pravici máš královnu ozdobenou ofirským zlatem."
OL278,"Ať tvoji zbožní, Hospodine, vypravují o slávě tvé vznešené říše."
OL279,"Radostí zajásám v Pánu."
OL280,"Nezapomínejte na Boží skutky!"
OL281,"Zachraň mě svou slitovností, Hospodine."
OL282,"Blaze těm, kdo kráčejí v zákoně Hospodinově."
OL283,"Ty, Hospodine, vládneš nade vším."
OL284,"Budu ti hrát, Hospodine, před anděly."
OL285,"Svým andělům vydal o tobě příkaz, aby tě střežili na všech tvých cestách."
OL286,"To je pokolení těch, kdo hledají tvář tvou, Hospodine."
OL286a,"To je pokolení těch, kdo hledají tvář tvou, Hospodine."
OL287,"Zpívejte Hospodinu píseň novou, protože učinil podivuhodné věci."
OL288,"Do tvých rukou, Pane, svěřuji ducha svého."
OL289,"Radujte se, spravedliví, v Hospodinu."
OL290,"Naše duše vyvázla jako pták z ptáčníkovy léčky."
OL291,"Jak milý je tvůj příbytek, Hospodine zástupů!"
OL292,"Ty, Hospodine, vládneš nade vším."
OL293,"Hle, stánek Boží mezi lidmi!"
OL294,"Kéž byste dnes uposlechli jeho hlasu: „Nezatvrzujte svá srdce!“"
OL295,"Do domu Hospodinova s radostí půjdeme."
OL296,"Radostně půjdeme do domu Pánova."
OL297,"Buď veleben Hospodin nyní i na věky!"
OL298,"Po své pravici máš královnu ozdobenou ofirským zlatem."
OL299,"Ty jsi, Hospodine, mým dědičným podílem."
OL300,"Na věky chci zpívat o Hospodinových milostech."
OL301,"Ústa spravedlivého mluví moudře."
OL302,"Hospodinovy výroky jsou pravdivé, všechny jsou spravedlivé."
OL303,"Nauč mě, Hospodine, svým příkazům!"
OL304,"Tvá slova, Pane, jsou duch a jsou život."
OL305,"Ženich je tu, jděte naproti Kristu Pánu!"
OL306,"Hle, ženich přichází, jděte naproti Kristu Pánu!"
OL307,"Spravedlivý bude, Pane, přebývat na tvé svaté hoře."
OL308,"Blaze muži, který se bojí Hospodina."
OL309,"Veleb, duše má, Hospodina."
OL310,"Ustavičně chci velebit Hospodina."
OL311,"Chci dobrořečit Pánu v každé chvíli."
OL312,"Okuste a vizte, jak je Hospodin dobrý."
OL313,"Na věky chci zpívat o Hospodinových milostech."
OL314,"Jásejte Bohu, všechny země!"
OL315,"Stvoř mi čisté srdce, Bože!"
OL316,"Hospodin je mé světlo a má spása."
OL317,"Sešli svého ducha, Hospodine, a obnovíš tvář země."
OL318,"Budu velebit tvé jméno, můj Bože, králi."
OL319,"Budu tě chválit, Hospodine, ve velkém shromáždění."
OL320,"Vypravujte mezi všemi národy o Hospodinových divech."
OL321,"Blaze těm, kdo přebývají v tvém domě, Bože."
OL322,"Kalich požehnání je společenstvím Krve Kristovy."
OL323,"Vy jste mými přáteli, budeteli činiti to, co vám přikazuji."
OL324,"Země je plná Hospodinovy milosti."
OL325,"Jinoši a panny, chvalte Hospodinovo jméno!"
OL326,"Blízký je Hospodin všem, kdo ho vzývají."
OL327,"Hospodin je milosrdný a milostivý."
OL328,"Hospodinova láska od věků pro ty, kdo se ho bojí."
OL329,"Dobré je chválit Hospodina."
OL330,"Okuste a vizte, jak je Hospodin dobrý."
OL331,"Hle, přicházím, Pane, splnit tvou vůli."
OL332,"Jak milý je tvůj příbytek, Hospodine zástupů!"
OL333,"Jsme jeho lid a stádce, které on pase."
OL334,"Blaze lidu, který si Hospodin vyvolil za svůj majetek."
OL335,"Hospodin je mé světlo a má spása."
OL336,"Děkujte Hospodinu, neboť je dobrý, jeho milosrdenství trvá na věky."
OL337,"Hospodin je milosrdný a milostivý."
OL338,"Věřím, že uvidím blaho od Hospodina v zemi živých!"
OL339,"Budu kráčet před Hospodinem v zemi živých."
OL340,"Smím si vykračovat před Pánem v zemi živých."
OL341,"K tobě pozvedám svou duši, Hospodine."
OL342,"Má duše žízní po tobě, Pane, Bože můj!"
OL343,"Hospodine, slyš mou modlitbu a volání mé ať k tobě pronikne!"
OL344,"K tobě pozvedám svou duši, Hospodine."
OL345,"Drahocenná je v Hospodinových očích smrt jeho zbožných."
OL346,"Aleluja, aleluja, aleluja."
OL401,"Hospodin kraluje, je povznesen nad celou zemí."
OL402,"Hospodine, Pane náš, jak podivuhodné je tvé jméno po celé zemi!"
OL403,"Hospodin pamatuje věčně na svoji smlouvu."
OL404,"Kéž byste dnes uposlechli jeho hlasu: „Nezatvrzujte svá srdce!“"
OL405,"Nezapomínejte na Boží skutky!"
OL406,"Tvá slova, Pane, jsou duch a jsou život."
OL407,"Ty jsi kněz na věky podle Melchizedechova řádu!"
OL408,"Hospodin pamatuje věčně na svoji smlouvu."
OL409,"Hle, přicházím, Pane, splnit tvou vůli."
OL410,"Pane, ukaž nám své milosrdenství!"
OL411,"Bůh se vznáší za jásotu, Hospodin vystupuje za hlaholu polnice."
OL412,"Zpívejte Hospodinu píseň novou, protože učinil podivuhodné věci."
OL413,"Hle, přicházím, Pane, splnit tvou vůli."
OL414,"To je pokolení těch, kdo hledají tvář tvou, Hospodine."
OL414a,"To je pokolení těch, kdo hledají tvář tvou, Hospodine."
OL415,"Ústa spravedlivého mluví moudře."
OL416,"Pochválen buď Hospodin, Bůh Izraele, neboť navštívil svůj lid."
OL417,"Vzmužte se a buďte srdnatí, všichni, kdo spoléháte na Hospodina."
OL418,"Budu tě chválit, Hospodine, ve velkém shromáždění."
OL419,"Hospodinova láska od věků pro ty, kdo se ho bojí."
OL420,"Vzpomínáme, Bože, na tvé milosrdenství ve tvém chrámě."
OL421,"Hospodin je mé světlo a má spása."
OL422,"Hospodin je můj pastýř, nic nepostrádám."
OL423,"Sešli svého ducha, Pane, a obnov tvářnost země."
OL424,"Hospodine, Pane náš, jak podivuhodné je tvé jméno po celé zemi!"
OL425,"Veleb, duše má, Hospodina."
OL426,"Blaze každému, kdo se bojí Hospodina."
OL427,"Tys mé útočiště, zahrneš mě radostí ze záchrany."
OL428,"Pane, tys nám býval útočištěm od pokolení do pokolení."
OL429,"Kdo žije správně, tomu ukážu Boží spásu."
OL430,"Pán dá požehnání a pokoj svému lidu."
OL431,"Vezmu kalich spásy a budu vzývat jméno Hospodinovo."
OL432,"Hospodin popatřil z nebe na zem."
OL433,"Blaze lidu, který si Hospodin vyvolil za svůj majetek."
OL434,"Budu velebit tvé jméno, můj Bože, králi."
OL435,"Hospodin kraluje, oděl se velebností."
OL436,"Ústa spravedlivého mluví moudře."
OL437,"Jak miluji tvůj zákon, Hospodine."
OL438,"Blaze tomu, kdo svou naději vložil do Hospodina."
OL439,"Voď mě po cestě svých předpisů, Hospodine."
OL440,"Hospodinova láska od věků pro ty, kdo se ho bojí."
OL441,"Kdo žije správně, tomu ukážu Boží spásu."
OL442,"Ukaž nám, Pane, světlo svého slitování."
OL443,"Země je plná Hospodinovy milosti."
OL444,"Hospodin miluje svůj národ."
OL445,"Hospodinovy předpisy jsou správné, působí radost srdci."
OL446,"Blaze muži, který se bojí Hospodina."
OL447,"Blaze muži, který se bojí Hospodina."
OL448,"K tobě pozvedám svou duši, Hospodine."
OL449,"Duše má, chval Hospodina!"
OL450,"Veliký jsi, Hospodine, na věky."
OL451,"Okuste a vizte, jak je Hospodin dobrý."
OL452,"Jasnou tvář ukaž svému služebníku, Hospodine!"
OL453,"Svatý jsi, Hospodine, náš Bože!"
OL454,"Pane, ukaž nám své milosrdenství!"
OL455,"Budu kráčet před Hospodinem v zemi živých."
OL456,"Hospodin je milosrdný a milostivý."
OL457,"Hospodin zjevil svou spásu před zraky pohanů."
OL458,"Duše má, chval Hospodina!"
OL459,"Blaze muži, který se bojí Hospodina."
OL460,"Skutky tvých rukou, Pane, jsou věrné a spravedlivé."
OL461,"Okuste a vizte, jak je Hospodin dobrý."
OL462,"Okuste a vizte, jak je Hospodin dobrý."
OL463,"Blaze lidu, který si Hospodin vyvolil za svůj majetek."
OL464,"Hospodine, kdo smí prodlévat ve tvém stánku?"
OL465,"Oslavujte Hospodina, neboť na věky trvá jeho milosrdenství."
OL466,"Pán pamatoval na své milosrdenství."
OL467,"Hospodin je milosrdný a milostivý."
OL468,"Tvou dobrotu, Pane, mám na zřeteli."
OL469,"Hle, ubožák zavolal, a Hospodin slyšel."
OL470,"Budu kráčet před Hospodinem v zemi živých."
OL471,"Chvalte Hospodina, protože je dobrý."
OL472,"Buď se mnou, Pane, v mé tísni."
OL473,"Až procitnu, Hospodine, nasytím se pohledem na tebe."
OL474,"Ať spočine na nás, Hospodine, tvé milosrdenství, jak doufáme v tebe."
OL475,"Pamatujte na divy, které učinil Hospodin."
OL476,"Ze srdce ať se radují, kdo hledají Hospodina."
OL477,"Naše duše vyvázla jako pták z ptáčníkovy léčky."
OL478,"Hledejte, ubožáci, Hospodina a pookřejte v srdci."
OL479,"Hospodin je milosrdný a milostivý."
OL480,"Hospodin pamatuje věčně na svoji smlouvu."
OL481,"Vezmu kalich spásy a budu vzývat jméno Hospodinovo."
OL482,"jeho milosrdenství trvá na věky."
OL483,"Hospodinu chci zpívat, neboť je velmi vznešený."
OL484,"Hospodinu chci zpívat, neboť je velmi vznešený."
OL485,"Nebeský pokrm dal jim Hospodin."
OL486,"chvályhodný a svrchovaně velebený navěky."
OL487,"Pane, ty máš slova věčného života."
OL488,"Kdo žije správně, tomu ukážu Boží spásu."
OL489,"Oslavujte Hospodina, neboť na věky trvá jeho milosrdenství."
OL490,"Hospodin je milosrdný a milostivý."
OL491,"Svatý jsi, Hospodine, náš Bože!"
OL492,"Jak milý je tvůj příbytek, Hospodine zástupů!"
OL493,"Plesejte Bohu, který nám pomáhá."
OL494,"Ať tě, Bože, velebí národy, ať tě velebí, kdekterý národ!"
OL495,"Plesejte Bohu, který nám pomáhá."
OL496,"Smiluj se, Pane, neboť jsme zhřešili."
OL497,"Pamatuj na nás, Hospodine, pro náklonnost k svému lidu."
OL498,"Kéž byste dnes uposlechli jeho hlasu: „Nezatvrzujte svá srdce!“"
OL499,"Vzpomínám na Hospodinovy činy."
OL500,"Miluji tě, Hospodine, má sílo!"
OL501,"Jeruzaléme, oslavuj Hospodina!"
OL502,"Hospodinovým podílem je jeho lid."
OL503,"Jásejte Bohu, všechny země!"
OL504,"Nezapomínejte na Boží skutky!"
OL505,"jeho milosrdenství trvá na věky."
OL506,"Ty jsi, Hospodine, mým dědičným podílem."
OL507,"Pamatuj na nás, Hospodine, pro náklonnost k svému lidu."
OL508,"Hospodine, z tvé síly se raduje král."
OL509,"Hle, přicházím, Pane, splnit tvou vůli."
OL510,"Duše má, chval Hospodina!"
OL511,"Hospodine, ty mě zkoumáš a znáš."
OL512,"Hospodine, ty mě zkoumáš a znáš."
OL513,"Nasyť nás, Pane, svou slitovností, abychom se radovali."
OL514,"Radujte se, spravedliví, v Hospodinu."
OL515,"Přišel Hospodin, aby spravoval národy podle práva."
OL516,"Hospodin přichází řídit zemi."
OL517,"Věřím, že uvidím blaho od Hospodina v zemi živých!"
OL518,"Stále spoléhám na Boží slitovnost."
OL519,"Hospodin zjevil svou spásu před zraky pohanů."
OL520,"Jsme jeho lid a stádce, které on pase."
OL521,"Pán mě udržuje naživu."
OL522,"V Bohu jen odpočívej, duše má."
OL523,"Budu tě oslavovat na věky, můj Bože, králi."
OL524,"Budu tě oslavovat na věky, můj Bože, králi."
OL525,"Všechno, co dýchá, ať chválí Hospodina!"
OL526,"Buď veleben Hospodin nyní i na věky!"
OL527,"Požehnán buď Hospodin, že vyslyšel mou úpěnlivou prosbu!"
OL528,"Chci kráčet v nevinnosti srdce."
OL529,"Veliká jsou Hospodinova díla."
OL530,"Veliká jsou Hospodinova díla."
OL531,"Blahoslavení chudí v duchu, neboť jejich je království nebeské."
OL532,"Velkou věc s námi učinil Hospodin, naplnila nás radost."
OL533,"Do domu Hospodinova s radostí půjdeme."
OL534,"Veliký jsi, Hospodine, na věky."
OL535,"Doufej v Boha, vždyť zase ho budu chválit, svého spasitele a svého Boha!"
OL536,"Hospodin bude nad námi bdít, jako pastýř nad svým stádem."
OL537,"Hospodin znovu zbuduje Sión, objeví se ve své slávě."
OL538,"Hospodin je s námi."
OL539,"Vyslyš nás, Pane, a vysvoboď nás."
OL540,"Pro slávu svého jména vysvoboď nás, Pane!"
OL541,"Vyslyš mě, Hospodine, ve své veliké lásce!"
OL542,"Ze záhuby vysvobodíš můj život, Hospodine!"
OL543,"U Hospodina je slitování, hojné u něho je vykoupení."
OL544,"Tys, Pane, dobrý a shovívavý."
OL545,"Hospodin bude soudit svět podle práva."
OL546,"Radujte se, spravedliví, v Hospodinu."
OL547,"Všude na zemi pronikl jejich hlas."
OL548,"V Bohu jen odpočívej, duše má."
OL549,"U Hospodina je slitování, hojné u něho je vykoupení."
OL550,"Tys mé útočiště, zahrneš mě radostí ze záchrany."
OL551,"Hospodin pamatuje věčně na svoji smlouvu."
OL552,"Nauč mě, Hospodine, svým příkazům!"
OL553,"Náš Bůh je Bohem spásy."
OL554,"Důvěřuji v tvé slitování, Hospodine!"
OL555,"Zachraň mě, Hospodine, podle svého slitování!"
OL556,"Nezavrhne Hospodin svůj národ."
OL557,"Vyslyš mě, Hospodine, ve své veliké lásce!"
OL558,"Opatruj, Pane, mou duši ve svém pokoji!"
OL559,"Blaze muži, který se slitovává a půjčuje."
OL560,"Hospodine, ty mě zkoumáš a znáš."
OL561,"Ustavičně chci velebit Hospodina."
OL562,"Povstaň, Bože, suď zemi!"
OL563,"Nauč mě, Hospodine, svým příkazům!"
OL564,"Pamatujte na divy, které učinil Hospodin."
OL565,"Zachovej mi život, Pane, a budu dbát na tvá přikázání."
OL566,"Povstaň, Hospodine, zachraň mě!"
OL567,"Až procitnu, Hospodine, nasytím se pohledem na tebe."
OL568,"Ty, Hospodine, vládneš nade vším."
OL569,"Rozjásám se nad tvou pomocí, Hospodine!"
OL570,"chvalte a oslavujte ho na věky."
OL571,"chvalte a oslavujte ho na věky."
OL572,"chvalte a oslavujte ho na věky."
OL573,"chvalte a oslavujte ho na věky."
OL574,"chvalte a oslavujte ho na věky."
OL575,"Vezmu kalich spásy a budu vzývat jméno Hospodinovo."
OL576,"Mé srdce jásá v Bohu, mém spasiteli."
OL577,"Hle, přicházím, Pane, splnit tvou vůli."
OL578,"Vysvoboď nás, Pane, pro svou lásku!"
OL579,"Na věky chci zpívat o Hospodinových milostech."
OL580,"Kdo žije správně, tomu ukážu Boží spásu."
OL581,"Na věky chci zpívat o Hospodinových milostech."
OL582,"Veleben buď Hospodin, má Skála!"
OL583,"V Boha důvěřuji, nebudu se bát."
OL584,"Smiluj se nade mnou, Bože, smiluj se!"
OL585,"Bože, obnov nás, rozjasni svou tvář, a budeme spaseni."
OL586,"Na věky chci zpívat o Hospodinových milostech."
OL587,"Hospodin zástupů, on je král slávy!"
OL588,"Na věky chci zpívat o Hospodinových milostech."
OL589,"Pán Bůh mu dá trůn jeho otce Davida."
OL590,"Smiluj se, Pane, neboť jsme zhřešili."
OL591,"Stvoř mi čisté srdce, Bože!"
OL592,"Tys, Pane, dobrý a shovívavý."
OL593,"Odpusť, Pane, co jsem zavinil hříchem."
OL594,"Miluji tě, Hospodine, má sílo!"
OL595,"Nauč mě, Hospodine, svým příkazům!"
OL596,"Vstaň, Hospodine, vejdi na místo svého odpočinku, ty i tvá vznešená archa!"
OL597,"Jak milý je tvůj příbytek, Hospodine zástupů!"
OL598,"Ústa spravedlivého mluví moudře."
OL599,"Pamatuj na nás, Hospodine, pro náklonnost k svému lidu."
OL600,"Plesejte Bohu, který nám pomáhá."
OL601,"Pamatuj na nás, Hospodine, pro náklonnost k svému lidu."
OL602,"Ať se mi dostane tvého slitování, Hospodine, abych byl živ."
OL603,"Šťastný člověk, jehož vychováváš, Hospodine."
OL604,"Spravedlivý bude, Pane, přebývat na tvé svaté hoře."
OL605,"Hle, ubožák zavolal, a Hospodin slyšel."
OL606,"Ty nás, Hospodine, ochráníš."
OL607,"Hospodinovy předpisy jsou správné, působí radost srdci."
OL608,"Svou starost hoď na Hospodina, a on tě zachová."
OL609,"Blahoslavení chudí v duchu, neboť jejich je království nebeské."
OL610,"Blahoslavení chudí v duchu, neboť jejich je království nebeské."
OL611,"Má modlitba, Pane, ať je před tebou jako kadidlo."
OL612,"Hospodin pamatuje věčně na svoji smlouvu."
OL613,"Hospodin přichází řídit zemi."
OL614,"Má duše po tobě žízní, Hospodine, Bože můj!"
OL615,"Buď se mnou, Pane, v mé tísni."
OL616,"Pane, tys nám býval útočištěm od pokolení do pokolení."
OL617,"Naše oči hledí na Hospodina, dokud se nad námi nesmiluje."
OL618,"Ukaž mi své cesty, Hospodine."
OL619,"Jak miluji tvůj zákon, Hospodine."
OL620,"Ústa má budou vyprávět o tvé spravedlnosti."
OL621,"Pomoc nám přijde od Hospodina, který učinil nebe i zemi."
OL622,"Hospodine, ukaž nám svou jasnou tvář!"
OL623,"Ochraň mě, Bože, neboť se k tobě utíkám."
OL624,"Semeno padlo na dobrou půdu a přineslo užitek."
OL625,"Hospodin je mé světlo a má spása."
OL626,"Ty jsi, Hospodine, mým dědičným podílem."
OL627,"Hospodine, všimni si mého volání!"
OL628,"Smiluj se, Pane, neboť jsme zhřešili."
OL629,"Vzmužte se a buďte srdnatí, všichni, kdo spoléháte na Hospodina."
OL630,"Radujte se, spravedliví, v Hospodinu."
OL631,"Pán Bůh mu dá trůn jeho otce Davida."
OL632,"Na věky chci zpívat o Hospodinových milostech."
OL633,"Pomoz, Bože, svou pravicí a vyslyš nás!"
OL634,"Bůh dává věčné trvání svému městu."
OL635,"Nauč mě, Hospodine, svým příkazům!"
OL636,"Nezapomínej na chudáky, Hospodine!"
OL637,"Kdo žije správně, tomu ukážu Boží spásu."
OL638,"Veď mě ve své spravedlnosti, Hospodine!"
OL639,"Kdo žije správně, tomu ukážu Boží spásu."
OL640,"Hospodinovy výroky jsou pravdivé, všechny jsou spravedlivé."
OL641,"Jak miluji tvůj zákon, Hospodine."
OL642,"Budu velebit tvé jméno, můj Bože, králi."
OL643,"Izraelův dům doufá v Hospodina."
OL644,"Hledejte vždy Hospodinovu tvář!"
OL645,"Bože, obnov nás, rozjasni svou tvář, a budeme spaseni."
OL646,"Smiluj se, Pane, neboť jsme zhřešili."
OL647,"Bůh dává věčné trvání svému městu."
OL648,"Nezavrhne Hospodin svůj národ."
OL649,"Hospodin popatřil z nebe na zem."
OL650,"Ty, Hospodine, jsi zachránil mou duši, aby nezhynula."
OL651,"Nezapomínej na chudáky, Hospodine!"
OL652,"Kdo žije správně, tomu ukážu Boží spásu."
OL653,"Pane, ukaž nám své milosrdenství!"
OL654,"Ústa má budou vyprávět o tvé spravedlnosti."
OL655,"U tebe je, Bože, pramen života."
OL656,"Opustil jsi Boha, který tě zplodil."
OL657,"Pro slávu svého jména vysvoboď nás, Pane!"
OL658,"Bůh je mé útočiště, když je mi úzko."
OL659,"Duše má, chval Hospodina!"
OL660,"Vyslyš mě, Hospodine, ve své veliké lásce!"
OL661,"Vyslyš mě, Hospodine, ve své veliké lásce!"
OL662,"Nauč mě, Hospodine, svým příkazům!"
OL663,"Stvoř mi čisté srdce, Bože!"
OL664,"Já usmrcuji a já oživuji."
OL665,"Neopouštíš, Hospodine, ty, kteří tě hledají."
OL666,"Jinoši a panny, chvalte Hospodinovo jméno!"
OL667,"Jak miluji tvůj zákon, Hospodine."
OL668,"Nad nebesa je sláva Hospodinova."
OL669,"Nezapomínejte na Boží skutky!"
OL670,"Plesejte a jásejte, neboť nad vámi vládne Svatý Izraele."
OL671,"Já usmrcuji a já oživuji."
OL672,"Oslavujte Hospodina, neboť na věky trvá jeho milosrdenství."
OL673,"Vypravujte mezi všemi národy o Hospodinových divech."
OL674,"Blaze každému, kdo se bojí Hospodina."
OL675,"Budu velebit tvé jméno, můj Bože, králi."
OL676,"Země je plná Hospodinovy milosti."
OL677,"Blaze lidu, který si Hospodin vyvolil za svůj majetek."
OL678,"Jak miluji tvůj zákon, Hospodine."
OL679,"Budu tě oslavovat na věky, můj Bože, králi."
OL680,"Blaze lidu, který si Hospodin vyvolil za svůj majetek."
OL681,"Ať vejde Hospodin, on je král slávy!"
OL682,"Ústa spravedlivého mluví moudře."
OL683,"Blízký je Hospodin všem, kdo ho vzývají."
OL684,"Veď mě ve své spravedlnosti, Hospodine!"
OL685,"Hle, ženich přichází, jděte naproti Kristu Pánu!"
OL686,"Chválím tě, že jsem vznikl tak podivuhodně."
OL687,"Jak milý je tvůj příbytek, Hospodine zástupů!"
OL688,"Vezmu kalich spásy a budu vzývat jméno Hospodinovo."
OL689,"Blaze lidu, který si Hospodin vyvolil za svůj majetek."
OL690,"Děkujte Hospodinu, neboť je dobrý, jeho milosrdenství trvá na věky."
OL691,"Až procitnu, Hospodine, nasytím se pohledem na tebe."
OL692,"Budu kráčet před Hospodinem v zemi živých."
OL693,"Voď mě po cestě svých předpisů, Hospodine."
OL694,"Svítilnou mým nohám je tvé slovo."
OL695,"Pane, tys nám býval útočištěm od pokolení do pokolení."
OL696,"Veleben buď Hospodin, má Skála!"
OL697,"Popřej mi sluchu, slyš mé slovo!"
OL698,"Kéž pronikne k tobě má modlitba, Hospodine!"
OL699,"Kéž pronikne k tobě má modlitba, Hospodine!"
OL700,"Věřím, že uvidím blaho od Hospodina v zemi živých!"
OL701,"Chválím tě, že jsem vznikl tak podivuhodně."
OL702,"Jasnou tvář ukaž svému služebníku, Hospodine!"
OL703,"Hospodin pamatuje věčně na svoji smlouvu."
OL704,"Chválím tě, že jsem vznikl tak podivuhodně."
OL705,"Jděte do celého světa a hlásejte evangelium."
OL706,"Hospodin pamatuje věčně na svoji smlouvu."
OL707,"Hospodin pamatuje věčně na svoji smlouvu."
OL708,"Ať se mi dostane tvého slitování, Hospodine, abych byl živ."
OL709,"Hospodin zjevil svou spásu před zraky pohanů."
OL710,"Blaze lidu, který si Hospodin vyvolil za svůj majetek."
OL711,"Hospodine, Pane náš, jak podivuhodné je tvé jméno po celé zemi!"
OL712,"Budete vážit vodu s radostí z pramenů spásy."
OL713,"Země je plná Hospodinovy milosti."
OL714,"Do domu Hospodinova s radostí půjdeme."
OL715,"Budu tě oslavovat na věky, můj Bože, králi."
OL716,"Má duše žízní po tobě, Pane, Bože můj!"
OL717,"Budu tě chválit, Hospodine, ve velkém shromáždění."
OL718,"Hospodin je mé světlo a má spása."
OL719,"Ze srdce ať se radují, kdo hledají Hospodina."
OL720,"Blaze muži, který se bojí Hospodina."
OL721,"Ústa spravedlivého mluví moudře."
OL722,"Duše má, chval Hospodina!"
OL723,"Blaze těm, kdo kráčejí v zákoně Hospodinově."
OL724,"Svatý, svatý, svatý, Pán, Bůh vševládný."
OL725,"Vytvořil jsi z nás našemu Bohu království a kněze."
OL726,"Zpívejte Hospodinu píseň novou, protože učinil podivuhodné věci."
OL727,"Hle, stánek Boží mezi lidmi!"
OL728,"Kéž byste dnes uposlechli jeho hlasu: „Nezatvrzujte svá srdce!“"
