OL1,'OL6, OL157, OL254, OL295, OL533, OL714','OL2'
OL2,'','OL1'
OL3,'OL585, OL645',''
OL4,'OL341, OL344, OL448','OL618'
OL5,'',''
OL6,'OL1, OL157, OL254, OL295, OL533, OL714',''
OL7,'OL30, OL31',''
OL8,'','OL96'
OL9,'OL130, OL131, OL132, OL133, OL336, OL690',''
OL10,'OL80, OL112, OL316, OL335, OL421, OL625, OL718','OL718'
OL11,'','OL517'
OL12,'',''
OL13,'OL410, OL454, OL653','OL14, OL15, OL454'
OL14,'','OL13, OL15, OL454'
OL15,'','OL13, OL14, OL454'
OL16,'OL532',''
OL17,'OL47, OL48, OL49, OL158, OL191, OL256, OL320, OL673',''
OL18,'OL66, OL309, OL425',''
OL19,'OL154, OL523, OL524, OL679, OL715',''
OL20,'OL438','OL438'
OL21,'','OL192, OL234, OL722'
OL22,'',''
OL23,'OL670','OL670'
OL24,'OL618',''
OL25,'OL102, OL136, OL137, OL248, OL469, OL605',''
OL26,'',''
OL27,'OL150, OL494','OL494'
OL28,'OL681','OL286, OL414, OL414a, OL681'
OL29,'OL36, OL115, OL151, OL210, OL261, OL300, OL313, OL579, OL581, OL586, OL588, OL632',''
OL30,'OL7, OL31',''
OL31,'OL7, OL30',''
OL32,'OL113, OL620, OL654',''
OL33,'OL289, OL514, OL546, OL630',''
OL34,'OL576','OL576'
OL35,'','OL36'
OL36,'OL29, OL115, OL151, OL210, OL261, OL300, OL313, OL579, OL581, OL586, OL588, OL632','OL35'
OL37,'',''
OL38,'',''
OL39,'','OL40, OL266, OL412, OL709'
OL40,'OL53, OL54, OL55','OL39, OL266, OL412, OL709'
OL41,'','OL42, OL426'
OL42,'OL426, OL674','OL41, OL426'
OL43,'','OL44'
OL44,'OL108, OL403, OL408, OL480, OL551, OL612, OL703, OL706, OL707','OL43'
OL45,'','OL46'
OL46,'','OL45'
OL47,'OL17, OL48, OL49, OL158, OL191, OL256, OL320, OL673',''
OL48,'OL17, OL47, OL49, OL158, OL191, OL256, OL320, OL673',''
OL49,'OL17, OL47, OL48, OL158, OL191, OL256, OL320, OL673',''
OL50,'OL128, OL402, OL424, OL711','OL424'
OL51,'','OL150'
OL52,'',''
OL53,'OL40, OL54, OL55','OL164, OL287, OL457'
OL54,'OL40, OL53, OL55',''
OL55,'OL40, OL53, OL54','OL515'
OL56,'',''
OL57,'OL92, OL501','OL501'
OL58,'OL444','OL444, OL725'
OL59,'OL61, OL62, OL63',''
OL60,'',''
OL61,'OL59, OL62, OL63',''
OL62,'OL59, OL61, OL63',''
OL63,'OL59, OL61, OL62',''
OL64,'OL430','OL430'
OL65,'OL712','OL712'
OL66,'OL18, OL309, OL425',''
OL67,'OL94, OL496, OL590, OL628, OL646',''
OL68,'OL74, OL105',''
OL69,'OL218, OL544, OL592','OL592'
OL70,'',''
OL71,'OL472, OL615',''
OL72,'OL304, OL406','OL406'
OL73,'OL269',''
OL74,'OL68, OL105',''
OL75,'OL222',''
OL76,'OL543, OL549',''
OL77,'OL141, OL195, OL282, OL723',''
OL78,'OL138, OL474',''
OL79,'OL235, OL339, OL455, OL470, OL692',''
OL80,'OL10, OL112, OL316, OL335, OL421, OL625, OL718',''
OL81,'',''
OL82,'OL204, OL429, OL441, OL488, OL580, OL637, OL639, OL652','OL580'
OL83,'OL281',''
OL84,'OL475, OL564','OL475'
OL85,'OL89, OL197, OL327, OL337, OL456, OL467, OL479, OL490',''
OL86,'OL294, OL404, OL498, OL728','OL498'
OL87,'',''
OL88,'OL487','OL217, OL445, OL487'
OL89,'OL85, OL197, OL327, OL337, OL456, OL467, OL479, OL490',''
OL90,'OL342, OL716',''
OL91,'',''
OL92,'OL57, OL501',''
OL93,'OL203, OL493, OL495, OL600',''
OL94,'OL67, OL496, OL590, OL628, OL646',''
OL95,'',''
OL96,'','OL8'
OL97,'',''
OL98,'OL226, OL229, OL232, OL312, OL330, OL451, OL461, OL462','OL461, OL605'
OL99,'OL99a','OL99a'
OL99a,'OL99','OL99'
OL100,'OL237, OL326, OL683',''
OL101,'OL497, OL507, OL599, OL601',''
OL102,'OL25, OL136, OL137, OL248, OL469, OL605',''
OL103,'',''
OL104,'OL123, OL315, OL591, OL663','OL105'
OL105,'OL68, OL74','OL104'
OL106,'OL343',''
OL107,'',''
OL108,'OL44, OL403, OL408, OL480, OL551, OL612, OL703, OL706, OL707',''
OL109,'OL246, OL247, OL500, OL594',''
OL110,'OL536','OL536'
OL111,'',''
OL112,'OL10, OL80, OL316, OL335, OL421, OL625, OL718',''
OL113,'OL32, OL620, OL654',''
OL114,'OL206, OL541, OL557, OL660, OL661',''
OL115,'OL29, OL36, OL151, OL210, OL261, OL300, OL313, OL579, OL581, OL586, OL588, OL632',''
OL116,'OL322',''
OL117,'',''
OL118,'OL179, OL181, OL423',''
OL119,'OL126, OL324, OL443, OL676, OL713',''
OL120,'OL125, OL623',''
OL121,'OL483, OL484',''
OL122,'',''
OL123,'OL104, OL315, OL591, OL663','OL663'
OL124,'',''
OL125,'OL120, OL623','OL211'
OL126,'OL119, OL324, OL443, OL676, OL713',''
OL127,'OL476, OL719','OL403'
OL128,'OL50, OL402, OL424, OL711',''
OL129,'OL147',''
OL130,'OL9, OL131, OL132, OL133, OL336, OL690',''
OL131,'OL9, OL130, OL132, OL133, OL336, OL690',''
OL132,'OL9, OL130, OL131, OL133, OL336, OL690',''
OL133,'OL9, OL130, OL131, OL132, OL336, OL690',''
OL134,'',''
OL135,'OL435','OL435'
OL136,'OL25, OL102, OL137, OL248, OL469, OL605','OL226, OL227, OL269'
OL137,'OL25, OL102, OL136, OL248, OL469, OL605',''
OL138,'OL78, OL474',''
OL139,'',''
OL140,'OL622',''
OL141,'OL77, OL195, OL282, OL723',''
OL142,'OL288',''
OL143,'OL144, OL162, OL314',''
OL144,'OL143, OL162, OL314',''
OL145,'OL208, OL209',''
OL146,'OL187, OL431, OL481, OL575, OL688',''
OL147,'OL129',''
OL148,'OL333, OL520',''
OL149,'OL182',''
OL150,'OL27, OL494','OL51'
OL151,'OL29, OL36, OL115, OL210, OL261, OL300, OL313, OL579, OL581, OL586, OL588, OL632',''
OL152,'',''
OL153,'OL319, OL418, OL717','OL418'
OL154,'OL19, OL523, OL524, OL679, OL715',''
OL155,'',''
OL156,'OL278',''
OL157,'OL1, OL6, OL254, OL295, OL533, OL714','OL533'
OL158,'OL17, OL47, OL48, OL49, OL191, OL256, OL320, OL673',''
OL159,'',''
OL160,'',''
OL161,'OL503',''
OL162,'OL143, OL144, OL314',''
OL163,'',''
OL164,'OL266, OL457, OL519, OL709','OL53, OL287, OL457'
OL165,'','OL666'
OL166,'OL167, OL168, OL411','OL411'
OL167,'OL166, OL168, OL411',''
OL168,'OL166, OL167, OL411',''
OL169,'OL338, OL517, OL700',''
OL170,'',''
OL171,'OL274, OL401','OL401'
OL172,'OL173, OL174, OL233',''
OL173,'OL172, OL174, OL233',''
OL174,'OL172, OL173, OL233',''
OL175,'',''
OL176,'OL186, OL228, OL334, OL433, OL463, OL677, OL680, OL689, OL710','OL433'
OL177,'OL207, OL465, OL489, OL672',''
OL178,'OL180, OL317','OL179'
OL179,'OL118, OL181, OL423','OL178'
OL180,'OL178, OL317','OL181'
OL181,'OL118, OL179, OL423','OL180'
OL182,'OL149',''
OL183,'OL190, OL260, OL331, OL409, OL413, OL509, OL577',''
OL184,'',''
OL185,'OL422',''
OL186,'OL176, OL228, OL334, OL433, OL463, OL677, OL680, OL689, OL710',''
OL187,'OL146, OL431, OL481, OL575, OL688','OL481'
OL188,'','OL407'
OL189,'OL328, OL419, OL440',''
OL190,'OL183, OL260, OL331, OL409, OL413, OL509, OL577',''
OL191,'OL17, OL47, OL48, OL49, OL158, OL256, OL320, OL673','OL256'
OL192,'','OL21, OL234, OL722'
OL193,'',''
OL194,'OL284',''
OL195,'OL77, OL141, OL282, OL723',''
OL196,'OL427, OL550','OL550'
OL197,'OL85, OL89, OL327, OL337, OL456, OL467, OL479, OL490','OL198'
OL198,'','OL197'
OL199,'',''
OL200,'OL522, OL548',''
OL201,'OL329',''
OL202,'',''
OL203,'OL93, OL493, OL495, OL600',''
OL204,'OL82, OL429, OL441, OL488, OL580, OL637, OL639, OL652',''
OL205,'OL593',''
OL206,'OL114, OL541, OL557, OL660, OL661',''
OL207,'OL177, OL465, OL489, OL672',''
OL208,'OL145, OL209',''
OL209,'OL145, OL208',''
OL210,'OL29, OL36, OL115, OL151, OL261, OL300, OL313, OL579, OL581, OL586, OL588, OL632',''
OL211,'OL299, OL506, OL626','OL125'
OL212,'OL318, OL434, OL642, OL675',''
OL213,'',''
OL214,'OL617',''
OL215,'OL624',''
OL216,'OL478',''
OL217,'OL240, OL445, OL607','OL88, OL445, OL487'
OL218,'OL69, OL544, OL592',''
OL219,'OL464','OL464, OL604'
OL220,'OL437, OL619, OL641, OL667, OL678',''
OL221,'OL223',''
OL222,'OL75',''
OL223,'OL221',''
OL224,'OL485',''
OL225,'OL428, OL616, OL695',''
OL226,'OL98, OL229, OL232, OL312, OL330, OL451, OL461, OL462','OL136, OL227, OL269'
OL227,'','OL136, OL226, OL269'
OL228,'OL176, OL186, OL334, OL433, OL463, OL677, OL680, OL689, OL710',''
OL229,'OL98, OL226, OL232, OL312, OL330, OL451, OL461, OL462',''
OL230,'',''
OL231,'',''
OL232,'OL98, OL226, OL229, OL312, OL330, OL451, OL461, OL462',''
OL233,'OL172, OL173, OL174',''
OL234,'OL449, OL458, OL510, OL659, OL722','OL21, OL192, OL722'
OL235,'OL79, OL339, OL455, OL470, OL692','OL470'
OL236,'',''
OL237,'OL100, OL326, OL683',''
OL238,'OL521',''
OL239,'',''
OL240,'OL217, OL445, OL607',''
OL241,'',''
OL242,'',''
OL243,'OL513',''
OL244,'',''
OL245,'OL621','OL621'
OL246,'OL109, OL247, OL500, OL594','OL247, OL500'
OL247,'OL109, OL246, OL500, OL594','OL246, OL500'
OL248,'OL25, OL102, OL136, OL137, OL469, OL605',''
OL249,'',''
OL250,'',''
OL251,'OL614',''
OL252,'OL473, OL567, OL691','OL567'
OL253,'OL515',''
OL254,'OL1, OL6, OL157, OL295, OL533, OL714','OL714'
OL255,'',''
OL256,'OL17, OL47, OL48, OL49, OL158, OL191, OL320, OL673','OL191'
OL257,'OL587','OL587'
OL258,'',''
OL259,'',''
OL260,'OL183, OL190, OL331, OL409, OL413, OL509, OL577',''
OL261,'OL29, OL36, OL115, OL151, OL210, OL300, OL313, OL579, OL581, OL586, OL588, OL632',''
OL262,'',''
OL263,'OL547','OL547'
OL264,'','OL297'
OL265,'',''
OL266,'OL164, OL457, OL519, OL709','OL39, OL40, OL412, OL709'
OL267,'',''
OL268,'OL686, OL701, OL704',''
OL269,'OL73','OL136, OL226, OL227'
OL270,'',''
OL271,'OL310, OL561',''
OL272,'',''
OL273,'OL589, OL631',''
OL274,'OL171, OL401',''
OL275,'OL559',''
OL276,'OL596',''
OL277,'OL298',''
OL278,'OL156',''
OL279,'',''
OL280,'OL405, OL504, OL669',''
OL281,'OL83',''
OL282,'OL77, OL141, OL195, OL723',''
OL283,'OL292, OL568',''
OL284,'OL194',''
OL285,'',''
OL286,'OL286a, OL414, OL414a','OL28, OL414, OL414a, OL681'
OL287,'OL412, OL726','OL53, OL164, OL457'
OL288,'OL142',''
OL289,'OL33, OL514, OL546, OL630','OL546'
OL290,'OL477',''
OL291,'OL332, OL492, OL597, OL687','OL293, OL597'
OL292,'OL283, OL568','OL568'
OL293,'OL727','OL291, OL597'
OL294,'OL86, OL404, OL498, OL728','OL728'
OL295,'OL1, OL6, OL157, OL254, OL533, OL714','OL296'
OL296,'','OL295'
OL297,'OL526','OL264'
OL298,'OL277','OL305, OL306, OL685'
OL299,'OL211, OL506, OL626','OL506'
OL300,'OL29, OL36, OL115, OL151, OL210, OL261, OL313, OL579, OL581, OL586, OL588, OL632',''
OL301,'OL415, OL436, OL598, OL682, OL721',''
OL302,'OL640','OL640'
OL303,'OL552, OL563, OL595, OL635, OL662','OL595'
OL304,'OL72, OL406',''
OL305,'','OL298, OL306, OL685'
OL306,'OL685','OL298, OL305, OL685'
OL307,'OL604',''
OL308,'OL446, OL447, OL459, OL720',''
OL309,'OL18, OL66, OL425',''
OL310,'OL271, OL561','OL312'
OL311,'',''
OL312,'OL98, OL226, OL229, OL232, OL330, OL451, OL461, OL462','OL310'
OL313,'OL29, OL36, OL115, OL151, OL210, OL261, OL300, OL579, OL581, OL586, OL588, OL632',''
OL314,'OL143, OL144, OL162',''
OL315,'OL104, OL123, OL591, OL663','OL646'
OL316,'OL10, OL80, OL112, OL335, OL421, OL625, OL718',''
OL317,'OL178, OL180',''
OL318,'OL212, OL434, OL642, OL675',''
OL319,'OL153, OL418, OL717',''
OL320,'OL17, OL47, OL48, OL49, OL158, OL191, OL256, OL673',''
OL321,'',''
OL322,'OL116',''
OL323,'','OL333, OL520'
OL324,'OL119, OL126, OL443, OL676, OL713',''
OL325,'OL666',''
OL326,'OL100, OL237, OL683',''
OL327,'OL85, OL89, OL197, OL337, OL456, OL467, OL479, OL490',''
OL328,'OL189, OL419, OL440',''
OL329,'OL201',''
OL330,'OL98, OL226, OL229, OL232, OL312, OL451, OL461, OL462',''
OL331,'OL183, OL190, OL260, OL409, OL413, OL509, OL577',''
OL332,'OL291, OL492, OL597, OL687',''
OL333,'OL148, OL520','OL323, OL520'
OL334,'OL176, OL186, OL228, OL433, OL463, OL677, OL680, OL689, OL710',''
OL335,'OL10, OL80, OL112, OL316, OL421, OL625, OL718',''
OL336,'OL9, OL130, OL131, OL132, OL133, OL690',''
OL337,'OL85, OL89, OL197, OL327, OL456, OL467, OL479, OL490',''
OL338,'OL169, OL517, OL700',''
OL339,'OL79, OL235, OL455, OL470, OL692',''
OL340,'',''
OL341,'OL4, OL344, OL448',''
OL342,'OL90, OL716','OL716'
OL343,'OL106',''
OL344,'OL4, OL341, OL448',''
OL401,'OL171, OL274','OL171'
OL402,'OL50, OL128, OL424, OL711',''
OL403,'OL44, OL108, OL408, OL480, OL551, OL612, OL703, OL706, OL707','OL127'
OL404,'OL86, OL294, OL498, OL728',''
OL405,'OL280, OL504, OL669',''
OL406,'OL72, OL304','OL72'
OL407,'','OL188'
OL408,'OL44, OL108, OL403, OL480, OL551, OL612, OL703, OL706, OL707',''
OL409,'OL183, OL190, OL260, OL331, OL413, OL509, OL577',''
OL410,'OL13, OL454, OL653',''
OL411,'OL166, OL167, OL168','OL166'
OL412,'OL287, OL726','OL39, OL40, OL266, OL709'
OL413,'OL183, OL190, OL260, OL331, OL409, OL509, OL577',''
OL414,'OL286, OL286a, OL414a','OL28, OL286, OL414a, OL681'
OL415,'OL301, OL436, OL598, OL682, OL721',''
OL416,'',''
OL417,'OL629',''
OL418,'OL153, OL319, OL717','OL153'
OL419,'OL189, OL328, OL440',''
OL420,'',''
OL421,'OL10, OL80, OL112, OL316, OL335, OL625, OL718',''
OL422,'OL185',''
OL423,'OL118, OL179, OL181',''
OL424,'OL50, OL128, OL402, OL711','OL50'
OL425,'OL18, OL66, OL309',''
OL426,'OL42, OL674','OL41, OL42'
OL427,'OL196, OL550',''
OL428,'OL225, OL616, OL695',''
OL429,'OL82, OL204, OL441, OL488, OL580, OL637, OL639, OL652',''
OL430,'OL64','OL64'
OL431,'OL146, OL187, OL481, OL575, OL688',''
OL432,'OL649','OL537'
OL433,'OL176, OL186, OL228, OL334, OL463, OL677, OL680, OL689, OL710','OL176'
OL434,'OL212, OL318, OL642, OL675',''
OL435,'OL135','OL135'
OL436,'OL301, OL415, OL598, OL682, OL721',''
OL437,'OL220, OL619, OL641, OL667, OL678',''
OL438,'OL20','OL20'
OL439,'OL693',''
OL440,'OL189, OL328, OL419',''
OL441,'OL82, OL204, OL429, OL488, OL580, OL637, OL639, OL652',''
OL442,'',''
OL443,'OL119, OL126, OL324, OL676, OL713',''
OL444,'OL58','OL58, OL725'
OL445,'OL217, OL240, OL607','OL88, OL217, OL487'
OL446,'OL308, OL447, OL459, OL720',''
OL447,'OL308, OL446, OL459, OL720',''
OL448,'OL4, OL341, OL344',''
OL449,'OL234, OL458, OL510, OL659, OL722',''
OL450,'OL534',''
OL451,'OL98, OL226, OL229, OL232, OL312, OL330, OL461, OL462',''
OL452,'OL702',''
OL453,'',''
OL454,'OL13, OL410, OL653','OL13, OL14, OL15'
OL455,'OL79, OL235, OL339, OL470, OL692',''
OL456,'OL85, OL89, OL197, OL327, OL337, OL467, OL479, OL490',''
OL457,'OL164, OL266, OL519, OL709','OL53, OL164, OL287'
OL458,'OL234, OL449, OL510, OL659, OL722',''
OL459,'OL308, OL446, OL447, OL720',''
OL460,'',''
OL461,'OL98, OL226, OL229, OL232, OL312, OL330, OL451, OL462','OL98, OL605'
OL462,'OL98, OL226, OL229, OL232, OL312, OL330, OL451, OL461',''
OL463,'OL176, OL186, OL228, OL334, OL433, OL677, OL680, OL689, OL710',''
OL464,'OL219','OL219, OL604'
OL465,'OL177, OL207, OL489, OL672',''
OL466,'',''
OL467,'OL85, OL89, OL197, OL327, OL337, OL456, OL479, OL490',''
OL468,'',''
OL469,'OL25, OL102, OL136, OL137, OL248, OL605',''
OL470,'OL79, OL235, OL339, OL455, OL692','OL235'
OL471,'',''
OL472,'OL71, OL615',''
OL473,'OL252, OL567, OL691',''
OL474,'OL78, OL138',''
OL475,'OL84, OL564','OL84'
OL476,'OL127, OL719',''
OL477,'OL290',''
OL478,'OL216',''
OL479,'OL85, OL89, OL197, OL327, OL337, OL456, OL467, OL490',''
OL480,'OL44, OL108, OL403, OL408, OL551, OL612, OL703, OL706, OL707',''
OL481,'OL146, OL187, OL431, OL575, OL688','OL187'
OL482,'',''
OL483,'OL121, OL484',''
OL484,'OL121, OL483',''
OL485,'OL224',''
OL486,'',''
OL487,'OL88','OL88, OL217, OL445'
OL488,'OL82, OL204, OL429, OL441, OL580, OL637, OL639, OL652',''
OL489,'OL177, OL207, OL465, OL672',''
OL490,'OL85, OL89, OL197, OL327, OL337, OL456, OL467, OL479',''
OL491,'',''
OL492,'OL291, OL332, OL597, OL687',''
OL493,'OL93, OL203, OL495, OL600',''
OL494,'OL27, OL150','OL27'
OL495,'OL93, OL203, OL493, OL600',''
OL496,'OL67, OL94, OL590, OL628, OL646',''
OL497,'OL101, OL507, OL599, OL601',''
OL498,'OL86, OL294, OL404, OL728','OL86'
OL499,'',''
OL500,'OL109, OL246, OL247, OL594','OL246, OL247'
OL501,'OL57, OL92','OL57'
OL502,'',''
OL503,'OL161',''
OL504,'OL280, OL405, OL669',''
OL505,'',''
OL506,'OL211, OL299, OL626','OL299'
OL507,'OL101, OL497, OL599, OL601',''
OL508,'',''
OL509,'OL183, OL190, OL260, OL331, OL409, OL413, OL577',''
OL510,'OL234, OL449, OL458, OL659, OL722',''
OL511,'OL512, OL560',''
OL512,'OL511, OL560',''
OL513,'OL243',''
OL514,'OL33, OL289, OL546, OL630',''
OL515,'OL253','OL55'
OL516,'OL613',''
OL517,'OL169, OL338, OL700','OL11'
OL518,'',''
OL519,'OL164, OL266, OL457, OL709',''
OL520,'OL148, OL333','OL323, OL333'
OL521,'OL238',''
OL522,'OL200, OL548',''
OL523,'OL19, OL154, OL524, OL679, OL715',''
OL524,'OL19, OL154, OL523, OL679, OL715',''
OL525,'','OL724'
OL526,'OL297',''
OL527,'',''
OL528,'',''
OL529,'OL530','OL706'
OL530,'OL529',''
OL531,'OL609, OL610',''
OL532,'OL16',''
OL533,'OL1, OL6, OL157, OL254, OL295, OL714','OL157'
OL534,'OL450',''
OL535,'',''
OL536,'OL110','OL110'
OL537,'','OL432'
OL538,'',''
OL539,'',''
OL540,'OL657',''
OL541,'OL114, OL206, OL557, OL660, OL661',''
OL542,'',''
OL543,'OL76, OL549',''
OL544,'OL69, OL218, OL592',''
OL545,'',''
OL546,'OL33, OL289, OL514, OL630','OL289'
OL547,'OL263','OL263'
OL548,'OL200, OL522',''
OL549,'OL76, OL543',''
OL550,'OL196, OL427','OL196'
OL551,'OL44, OL108, OL403, OL408, OL480, OL612, OL703, OL706, OL707',''
OL552,'OL303, OL563, OL595, OL635, OL662',''
OL553,'',''
OL554,'',''
OL555,'',''
OL556,'OL648',''
OL557,'OL114, OL206, OL541, OL660, OL661',''
OL558,'',''
OL559,'OL275',''
OL560,'OL511, OL512',''
OL561,'OL271, OL310',''
OL562,'',''
OL563,'OL303, OL552, OL595, OL635, OL662',''
OL564,'OL84, OL475',''
OL565,'',''
OL566,'',''
OL567,'OL252, OL473, OL691','OL252'
OL568,'OL283, OL292','OL292'
OL569,'',''
OL570,'',''
OL571,'',''
OL572,'',''
OL573,'',''
OL574,'',''
OL575,'OL146, OL187, OL431, OL481, OL688',''
OL576,'OL34','OL34'
OL577,'OL183, OL190, OL260, OL331, OL409, OL413, OL509',''
OL578,'',''
OL579,'OL29, OL36, OL115, OL151, OL210, OL261, OL300, OL313, OL581, OL586, OL588, OL632',''
OL580,'OL82, OL204, OL429, OL441, OL488, OL637, OL639, OL652','OL82'
OL581,'OL29, OL36, OL115, OL151, OL210, OL261, OL300, OL313, OL579, OL586, OL588, OL632',''
OL582,'OL696',''
OL583,'',''
OL584,'',''
OL585,'OL3, OL645',''
OL586,'OL29, OL36, OL115, OL151, OL210, OL261, OL300, OL313, OL579, OL581, OL588, OL632',''
OL587,'OL257','OL257'
OL588,'OL29, OL36, OL115, OL151, OL210, OL261, OL300, OL313, OL579, OL581, OL586, OL632',''
OL589,'OL273, OL631',''
OL590,'OL67, OL94, OL496, OL628, OL646',''
OL591,'OL104, OL123, OL315, OL663',''
OL592,'OL69, OL218, OL544','OL69'
OL593,'OL205',''
OL594,'OL109, OL246, OL247, OL500',''
OL595,'OL303, OL552, OL563, OL635, OL662','OL303'
OL596,'OL276',''
OL597,'OL291, OL332, OL492, OL687','OL291, OL293'
OL598,'OL301, OL415, OL436, OL682, OL721',''
OL599,'OL101, OL497, OL507, OL601',''
OL600,'OL93, OL203, OL493, OL495',''
OL601,'OL101, OL497, OL507, OL599',''
OL602,'OL708',''
OL603,'',''
OL604,'OL307','OL219, OL464'
OL605,'OL25, OL102, OL136, OL137, OL248, OL469','OL98, OL461'
OL606,'',''
OL607,'OL217, OL240, OL445',''
OL608,'',''
OL609,'OL531, OL610',''
OL610,'OL531, OL609',''
OL611,'',''
OL612,'OL44, OL108, OL403, OL408, OL480, OL551, OL703, OL706, OL707',''
OL613,'OL516',''
OL614,'OL251',''
OL615,'OL71, OL472',''
OL616,'OL225, OL428, OL695',''
OL617,'OL214',''
OL618,'OL24','OL4'
OL619,'OL220, OL437, OL641, OL667, OL678',''
OL620,'OL32, OL113, OL654',''
OL621,'OL245','OL245'
OL622,'OL140',''
OL623,'OL120, OL125',''
OL624,'OL215',''
OL625,'OL10, OL80, OL112, OL316, OL335, OL421, OL718',''
OL626,'OL211, OL299, OL506',''
OL627,'',''
OL628,'OL67, OL94, OL496, OL590, OL646',''
OL629,'OL417',''
OL630,'OL33, OL289, OL514, OL546',''
OL631,'OL273, OL589',''
OL632,'OL29, OL36, OL115, OL151, OL210, OL261, OL300, OL313, OL579, OL581, OL586, OL588',''
OL633,'',''
OL634,'OL647',''
OL635,'OL303, OL552, OL563, OL595, OL662',''
OL636,'OL651',''
OL637,'OL82, OL204, OL429, OL441, OL488, OL580, OL639, OL652',''
OL638,'OL684',''
OL639,'OL82, OL204, OL429, OL441, OL488, OL580, OL637, OL652',''
OL640,'OL302','OL302'
OL641,'OL220, OL437, OL619, OL667, OL678',''
OL642,'OL212, OL318, OL434, OL675',''
OL643,'',''
OL644,'','OL707'
OL645,'OL3, OL585',''
OL646,'OL67, OL94, OL496, OL590, OL628','OL315'
OL647,'OL634',''
OL648,'OL556',''
OL649,'OL432',''
OL650,'',''
OL651,'OL636',''
OL652,'OL82, OL204, OL429, OL441, OL488, OL580, OL637, OL639',''
OL653,'OL13, OL410, OL454',''
OL654,'OL32, OL113, OL620',''
OL655,'',''
OL656,'',''
OL657,'OL540',''
OL658,'',''
OL659,'OL234, OL449, OL458, OL510, OL722',''
OL660,'OL114, OL206, OL541, OL557, OL661',''
OL661,'OL114, OL206, OL541, OL557, OL660',''
OL662,'OL303, OL552, OL563, OL595, OL635',''
OL663,'OL104, OL123, OL315, OL591','OL123'
OL664,'OL671',''
OL665,'',''
OL666,'OL325','OL165'
OL667,'OL220, OL437, OL619, OL641, OL678',''
OL668,'',''
OL669,'OL280, OL405, OL504',''
OL670,'OL23','OL23'
OL671,'OL664',''
OL672,'OL177, OL207, OL465, OL489',''
OL673,'OL17, OL47, OL48, OL49, OL158, OL191, OL256, OL320',''
OL674,'OL42, OL426',''
OL675,'OL212, OL318, OL434, OL642',''
OL676,'OL119, OL126, OL324, OL443, OL713',''
OL677,'OL176, OL186, OL228, OL334, OL433, OL463, OL680, OL689, OL710',''
OL678,'OL220, OL437, OL619, OL641, OL667',''
OL679,'OL19, OL154, OL523, OL524, OL715',''
OL680,'OL176, OL186, OL228, OL334, OL433, OL463, OL677, OL689, OL710',''
OL681,'OL28','OL28, OL286, OL414, OL414a'
OL682,'OL301, OL415, OL436, OL598, OL721',''
OL683,'OL100, OL237, OL326',''
OL684,'OL638',''
OL685,'OL306','OL298, OL305, OL306'
OL686,'OL268, OL701, OL704',''
OL687,'OL291, OL332, OL492, OL597',''
OL688,'OL146, OL187, OL431, OL481, OL575',''
OL689,'OL176, OL186, OL228, OL334, OL433, OL463, OL677, OL680, OL710',''
OL690,'OL9, OL130, OL131, OL132, OL133, OL336',''
OL691,'OL252, OL473, OL567',''
OL692,'OL79, OL235, OL339, OL455, OL470',''
OL693,'OL439',''
OL694,'',''
OL695,'OL225, OL428, OL616',''
OL696,'OL582',''
OL697,'',''
OL698,'OL699',''
OL699,'OL698',''
OL700,'OL169, OL338, OL517',''
OL701,'OL268, OL686, OL704',''
OL702,'OL452',''
OL703,'OL44, OL108, OL403, OL408, OL480, OL551, OL612, OL706, OL707',''
OL704,'OL268, OL686, OL701',''
OL705,'',''
OL706,'OL44, OL108, OL403, OL408, OL480, OL551, OL612, OL703, OL707','OL529'
OL707,'OL44, OL108, OL403, OL408, OL480, OL551, OL612, OL703, OL706','OL644'
OL708,'OL602',''
OL709,'OL164, OL266, OL457, OL519','OL39, OL40, OL266, OL412'
OL710,'OL176, OL186, OL228, OL334, OL433, OL463, OL677, OL680, OL689',''
OL711,'OL50, OL128, OL402, OL424',''
OL712,'OL65','OL65'
OL713,'OL119, OL126, OL324, OL443, OL676',''
OL714,'OL1, OL6, OL157, OL254, OL295, OL533','OL254'
OL715,'OL19, OL154, OL523, OL524, OL679',''
OL716,'OL90, OL342','OL342'
OL717,'OL153, OL319, OL418',''
OL718,'OL10, OL80, OL112, OL316, OL335, OL421, OL625','OL10'
OL719,'OL127, OL476',''
OL720,'OL308, OL446, OL447, OL459',''
OL721,'OL301, OL415, OL436, OL598, OL682',''
OL722,'OL234, OL449, OL458, OL510, OL659','OL21, OL192, OL234'
OL723,'OL77, OL141, OL195, OL282',''
OL724,'','OL525'
OL725,'','OL58, OL444'
OL726,'OL287, OL412',''
OL727,'OL293',''
OL728,'OL86, OL294, OL404, OL498','OL294'
